samplingPoint.notation,samplingPoint.prefLabel,samplingPoint.latitude,samplingPoint.longitude,samplingPoint.easting,samplingPoint.northing,samplingPoint.region,samplingPoint.area,samplingPoint.subArea,samplingPoint.samplingPointStatus,samplingPoint.samplingPointType,DISCHARGE_SITE_NAME_1,MATCH_CONFIDENCE_1,PERMIT_NUMBER_1,PERMIT_VERSION_1,DISCHARGE_NGR_1,DISCHARGE_LATITUDE_1,DISCHARGE_LONGITUDE_1,DISCHARGE_EASTING_1,DISCHARGE_NORTHING_1,DISCHARGE_LATITUDE,DISCHARGE_LONGITUDE,DISCHARGE_SITE_NAME_2,MATCH_CONFIDENCE_2,PERMIT_NUMBER_2,PERMIT_VERSION_2,DISCHARGE_NGR_2,DISCHARGE_LATITUDE_2,DISCHARGE_LONGITUDE_2,DISCHARGE_EASTING_2,DISCHARGE_NORTHING_2,DISCHARGE_SITE_NAME_3,MATCH_CONFIDENCE_3,PERMIT_NUMBER_3,PERMIT_VERSION_3,DISCHARGE_NGR_3,DISCHARGE_LATITUDE_3,DISCHARGE_LONGITUDE_3,DISCHARGE_EASTING_3,DISCHARGE_NORTHING_3,DISCHARGE_SITE_NAME_4,MATCH_CONFIDENCE_4,PERMIT_NUMBER_4,PERMIT_VERSION_4,DISCHARGE_NGR_4,DISCHARGE_LATITUDE_4,DISCHARGE_LONGITUDE_4,DISCHARGE_EASTING_4,DISCHARGE_NORTHING_4
SW-50410150,PIDDLEHINTON STW FE,50.7657,-2.3961,372161.634587172,96309.49385903485,SouthWest,SOUTH WEST - WESSEX,EAST WESSEX,OPEN,SEWAGE DISCHARGES - FINAL/TREATED EFFLUENT - WATER COMPANY,PIDDLEHINTON STW,100.0,040067,5.0,SY7220096400,50.76651570821239,-2.395562867763141,372200.0,96400.0,,,,,,,,,,,,,,,,,,,,,,,,,,,,,
SW-50440129,DODDINGS FARM WATERCRESS B2 BERE REGIS,50.7436,-2.2114,385180.4355245184,93798.39070571568,SouthWest,SOUTH WEST - WESSEX,EAST WESSEX,OPEN,AGRICULTURE - WATER CRESS FARMING,DODDINGS FARM,100.0,043235,2.0,SY8522093780,50.74343563140121,-2.2108385097577807,385220.0,93780.0,,,DODDINGS FARM,100.0,043236,2.0,SY8522093780,50.74343563140121,-2.2108385097577807,385220.0,93780.0,,,,,,,,,,,,,,,,,,
SW-50540137,LOWER MAGISTON WATERCRESS FARM C,50.7631,-2.5185,363527.4668885063,96073.7662505502,SouthWest,SOUTH WEST - WESSEX,EAST WESSEX,OPEN,AGRICULTURE - WATER CRESS FARMING,LOWER MAGISTON WATERCRESS FARM,100.0,401223,3.0,SY6348096120,50.7635127441997,-2.519177582771078,363480.0,96120.0,,,LOWER MAGISTON FISH FARM,88.37209302325581,040291,1.0,SY6349096100,50.76333353087676,-2.519033809783425,363490.0,96100.0,,,,,,,,,,,,,,,,,,
SW-50450167,PURBECK FISHERIES RACEWAY 1,50.6966,-2.1653,388421.4509884944,88563.62551781812,SouthWest,SOUTH WEST - WESSEX,EAST WESSEX,OPEN,AGRICULTURE - FISH FARMING - NOT WATER COMPANY,PURBECK FISHERIES,100.0,041518,1.0,SY8844088570,50.69665769104919,-2.165037562924572,388440.0,88570.0,,,,,,,,,,,,,,,,,,,,,,,,,,,,,
SW-50450165,PURBECK FISHERIES EARTHPONDS 2,50.6962,-2.1653,388421.3515295348,88519.14507040638,SouthWest,SOUTH WEST - WESSEX,EAST WESSEX,OPEN,AGRICULTURE - FISH FARMING - NOT WATER COMPANY,PURBECK FISHERIES,100.0,041518,1.0,SY8844088570,50.69665769104919,-2.165037562924572,388440.0,88570.0,,,,,,,,,,,,,,,,,,,,,,,,,,,,,
SW-50570239,DORCHESTER (LOUDS MILL) STW,50.7111,-2.4131,370928.80827968667,90244.4570659489,SouthWest,SOUTH WEST - WESSEX,EAST WESSEX,OPEN,SEWAGE DISCHARGES - FINAL/TREATED EFFLUENT - WATER COMPANY,DORCHESTER (LOUDS MILL) STW,100.0,401050,5.0,SY7090090230,50.71096854304897,-2.41350684563295,370900.0,90230.0,,,,,,,,,,,,,,,,,,,,,,,,,,,,,
SW-50570390,TINCLETON EAST WATERCRESS BEDS 1,50.7246,-2.3319,376668.7701126503,91716.8047638212,SouthWest,SOUTH WEST - WESSEX,EAST WESSEX,OPEN,AGRICULTURE - WATER CRESS FARMING,TINCLETON EAST WATERCRESS BEDS,100.0,401059,2.0,SY7669091800,50.72534898535868,-2.3316045135799257,376690.0,91800.0,,,TINCLETON WEST WATERCRESS BEDS,93.54838709677419,401060,2.0,SY7666091800,50.72534777493983,-2.3320295252335876,376660.0,91800.0,,,,,,,,,,,,,,,,,,
SW-50950147,BROWNSEA ISLAND SEWAGE TREATMENT WORKS (NATIONAL TRUST),50.6894,-1.9638,402653.43803587847,87750.51954262654,SouthWest,SOUTH WEST - WESSEX,ECMAS SAMPLING (WESSEX),OPEN,SEWAGE & TRADE COMBINED - UNSPECIFIED,BROWNSEA ISLAND SEWAGE WORKS,100.0,041444,1.0,SZ0267087780,50.68966503164606,-1.9635653262105692,402670.0,87780.0,,,,,,,,,,,,,,,,,,,,,,,,,,,,,
SW-50900722,CORFE CASTLE STW,50.6478,-2.056,396136.9985480218,83125.46596114518,SouthWest,SOUTH WEST - WESSEX,EAST WESSEX,OPEN,SEWAGE DISCHARGES - FINAL/TREATED EFFLUENT - WATER COMPANY,CORFE CASTLE STW,100.0,041324,9.0,SY9620083050,50.64712177276458,-2.0551081016593535,396200.0,83050.0,,,,,,,,,,,,,,,,,,,,,,,,,,,,,
SW-50550330,GODMANSTONE STW,50.7667,-2.4751,366590.94824359193,96453.52464706809,SouthWest,SOUTH WEST - WESSEX,EAST WESSEX,OPEN,SEWAGE DISCHARGES - FINAL/TREATED EFFLUENT - WATER COMPANY,GODMANSTONE STW,100.0,401521,2.0,SY6651096500,50.76711323093692,-2.4762520227761207,366510.0,96500.0,,,,,,,,,,,,,,,,,,,,,,,,,,,,,
SW-RSN1389,RSN1389 MILL HOUSE,50.7931,-2.3153,377872.99077737343,99329.019684206,SouthWest,SOUTH WEST - WESSEX,EAST WESSEX,OPEN,FRESHWATER - RIVERS,MILL HOUSE,100.0,EPRXB3136AW,1.0,SY7790899261,50.79248967559791,-2.3147991819948412,377908.0,99261.0,,,,,,,,,,,,,,,,,,,,,,,,,,,,,
SW-50440180,MILBORNE ST ANDREW WTW,50.7837,-2.2805,380321.8331375791,98273.82350769595,SouthWest,SOUTH WEST - WESSEX,EAST WESSEX,OPEN,TRADE DISCHARGES - PROCESS EFFLUENT - WATER COMPANY (WTW),MILBORNE ST ANDREW WTW,100.0,EPRYB3197RR,2.0,SY8037698281,50.7837663759209,-2.2797320310365827,380376.0,98281.0,,,,,,,,,,,,,,,,,,,,,,,,,,,,,
SW-C7019001,WARMWELL WATERCRESS FARM D,50.6845,-2.3562,374932.060788876,87265.6262538479,SouthWest,SOUTH WEST - WESSEX,EAST WESSEX,OPEN,AGRICULTURE - WATER CRESS FARMING,WARMWELL WATERCRESS FARM,100.0,401056,2.0,SY7492087270,50.68453880370227,-2.3563710042332366,374920.0,87270.0,,,,,,,,,,,,,,,,,,,,,,,,,,,,,
SW-50570160,WADDOCK CROSS WATERCRESS C3,50.7164,-2.2885,379728.6465789269,90792.10330777636,SouthWest,SOUTH WEST - WESSEX,EAST WESSEX,OPEN,AGRICULTURE - WATER CRESS FARMING,WADDOCK CROSS WATERCRESS BEDS,94.11764705882354,400114/CF/01,2.0,SY7980190850,50.71692316806522,-2.287478332817266,379801.0,90850.0,,,WADDOCK CROSS WATERCRESS BEDS,94.11764705882354,043260,2.0,SY7980190850,50.71692316806522,-2.287478332817266,379801.0,90850.0,,,,,,,,,,,,,,,,,,
SW-50440194,MILBORNE ST ANDREW STW FE BERE STREAM,50.7694,-2.2802,380336.95208960143,96683.5477493962,SouthWest,SOUTH WEST - WESSEX,EAST WESSEX,OPEN,SEWAGE DISCHARGES - FINAL/TREATED EFFLUENT - WATER COMPANY,MILBORNE ST. ANDREW STW,90.47619047619048,042116,4.0,SY8038096680,50.76936955792474,-2.2795893609911113,380380.0,96680.0,,,,,,,,,,,,,,,,,,,,,,,,,,,,,
SW-50520131,TOLLER PORCORUM STW  MAIDEN NEWTON,50.7801,-2.6167,356617.4169561333,98017.35714016092,SouthWest,SOUTH WEST - WESSEX,EAST WESSEX,OPEN,SEWAGE DISCHARGES - FINAL/TREATED EFFLUENT - WATER COMPANY,TOLLER PORCORUM WRC,88.23529411764706,400607,7.0,SY5662398014,50.78007022600477,-2.616620407641796,356623.0,98014.0,,,,,,,,,,,,,,,,,,,,,,,,,,,,,
SW-50900956,HARMANS CROSS SEWAGE TREATMENT WORKS  SWANAGE,50.626,-2.0367,397500.3293412698,80700.44613382261,SouthWest,SOUTH WEST - WESSEX,EAST WESSEX,OPEN,SEWAGE DISCHARGES - FINAL/TREATED EFFLUENT - WATER COMPANY,HARMANS CROSS STW,86.66666666666667,040111,4.0,SY9750080700,50.62599598122418,-2.0367046418097834,397500.0,80700.0,,,HARMANS CROSS P. STN.(SWANAGE),60.46511627906977,040112,1.0,SY9750080760,50.62653555012369,-2.036705064917506,397500.0,80760.0,,,,,,,,,,,,,,,,,,
SW-50951085,SHERFORD AT SNAILS BRIDGE US BLACKHEATH,50.7398,-2.1436,389963.4205756802,93364.33045797276,SouthWest,SOUTH WEST - WESSEX,EAST WESSEX,OPEN,FRESHWATER - RIVERS,BLACKHEATH WWTW,80.0,042451,8.0,SY8995093350,50.73967089174444,-2.1437897847097656,389950.0,93350.0,,,,,,,,,,,,,,,,,,,,,,,,,,,,,
SW-50440001,MILBORNE ST ANDREW EFFLUENT TO LAGOON,50.7691,-2.2807,380301.5659997132,96650.3208601829,SouthWest,SOUTH WEST - WESSEX,EAST WESSEX,OPEN,SEWAGE DISCHARGES - FINAL/TREATED EFFLUENT - WATER COMPANY,MILBORNE ST. ANDREW STW,78.94736842105263,042116,4.0,SY8038096680,50.76936955792474,-2.2795893609911113,380380.0,96680.0,,,,,,,,,,,,,,,,,,,,,,,,,,,,,
SW-50440170,ROKE CRESS NORTH HOLLYBUSH BERE REGIS,50.7613,-2.2322,383719.02220970776,95771.07234557543,SouthWest,SOUTH WEST - WESSEX,EAST WESSEX,OPEN,AGRICULTURE - WATER CRESS FARMING,HOLLYBUSH FARM,78.26086956521739,043233,2.0,SY8373095860,50.76209998973564,-2.232048305003962,383730.0,95860.0,,,HOLLYBUSH FARM,78.26086956521739,043463,2.0,SY8373095860,50.76209998973564,-2.232048305003962,383730.0,95860.0,HOLLYBUSH FARM,78.26086956521739,043234,2.0,SY8373095860,50.76209998973564,-2.232048305003962,383730.0,95860.0,NEW DWELLING AT HOLLYBUSH FARM,50.74626865671642,042894,2.0,SY8372095860,50.76209970724615,-2.2321900877121297,383720.0,95860.0
SW-50410119,PUDDLETOWN STW FE,50.7536,-2.3543,375103.095792768,94948.98650098246,SouthWest,SOUTH WEST - WESSEX,EAST WESSEX,OPEN,SEWAGE DISCHARGES - FINAL/TREATED EFFLUENT - WATER COMPANY,PUDDLETOWN SEWAGE TREATMENT WORKS,74.07407407407408,402100,4.0,SY7505094950,50.753606817976454,-2.3550527199327598,375050.0,94950.0,,,,,,,,,,,,,,,,,,,,,,,,,,,,,
SW-50510190,EVERSHOT STW FE,50.8373,-2.6005,357811.24236673536,104368.71638894198,SouthWest,SOUTH WEST - WESSEX,EAST WESSEX,OPEN,SEWAGE DISCHARGES - FINAL/TREATED EFFLUENT - WATER COMPANY,EVERSHOT WASTEWATER TREATMENT WORKS,69.56521739130434,042453,6.0,ST5779204397,50.837552913853216,-2.600776504890822,357792.0,104397.0,,,,,,,,,,,,,,,,,,,,,,,,,,,,,
SW-50450129,RIVER PIDDLE AT WEST MILLS WAREHAM,50.6882,-2.1241,391329.7661575511,87623.83943089607,SouthWest,SOUTH WEST - WESSEX,EAST WESSEX,OPEN,FRESHWATER - RIVERS,FLAT 1-3 WEST MILLS,68.9655172413793,040145,2.0,SY9134087580,50.68780591436736,-2.123954076950737,391340.0,87580.0,,,,,,,,,,,,,,,,,,,,,,,,,,,,,
SW-50450150,EIGHT HATCH FISH FARM INLET,50.6931,-2.1502,389487.1465896629,88172.14570979451,SouthWest,SOUTH WEST - WESSEX,EAST WESSEX,OPEN,FRESHWATER - COMPARATIVE INLET POINTS,EIGHT HATCH PLANTATION,66.66666666666666,041519,1.0,SY8953088180,50.693171407366115,-2.149593515587729,389530.0,88180.0,,,,,,,,,,,,,,,,,,,,,,,,,,,,,
SW-50530190,MAIDEN NEWTON STW  DORCHESTER,50.7735,-2.5623,360447.147149014,97252.84042899687,SouthWest,SOUTH WEST - WESSEX,EAST WESSEX,OPEN,SEWAGE DISCHARGES - FINAL/TREATED EFFLUENT - WATER COMPANY,MAIDEN NEWTON WATER RECYCLING CENTR,63.492063492063494,041353,6.0,SY6045497257,50.7735378669719,-2.562203256425371,360454.0,97257.0,,,,,,,,,,,,,,,,,,,,,,,,,,,,,
SW-50590144,EAST STOKE FINAL  WAREHAM,50.6823,-2.1745,387767.9183658119,86974.94486771678,SouthWest,SOUTH WEST - WESSEX,EAST WESSEX,OPEN,SEWAGE DISCHARGES - FINAL/TREATED EFFLUENT - WATER COMPANY,EAST STOKE SEWAGE TREATMENT WORKS,59.64912280701754,040109,2.0,SY8778086970,50.682255783342974,-2.1743288173489024,387780.0,86970.0,,,,,,,,,,,,,,,,,,,,,,,,,,,,,
SW-50540170,SYDLING WATER U/S HUISH TROUT FARM,50.7885,-2.5221,363293.5160721587,98900.07907017024,SouthWest,SOUTH WEST - WESSEX,EAST WESSEX,OPEN,FRESHWATER - COMPARATIVE INLET POINTS,SYDLING ST NICHOLAS PUMPING STATION,52.17391304347826,401196,2.0,SY6322998910,50.78858510390128,-2.5230161958075343,363229.0,98910.0,,,,,,,,,,,,,,,,,,,,,,,,,,,,,
SW-50440153,SOUTHBROOK CRESS OUTLET FROM BED 1 BERE REGIS,50.7509,-2.2181,384710.0954194673,94611.53917741556,SouthWest,SOUTH WEST - WESSEX,EAST WESSEX,OPEN,AGRICULTURE - WATER CRESS FARMING,MANOR FARM WATERCRESS BEDS,45.070422535211264,043232,2.0,SY8476094630,50.751067327162744,-2.217393366256395,384760.0,94630.0,,,MANOR FARM WATERCRESS BEDS,45.070422535211264,043462,2.0,SY8476094630,50.751067327162744,-2.217393366256395,384760.0,94630.0,MANOR FARM WATERCRESS BEDS,45.070422535211264,043231,2.0,SY8476094630,50.751067327162744,-2.217393366256395,384760.0,94630.0,VITACRESS SALADS LTD,30.769230769230774,040200,1.0,SY8475094590,50.75070736019727,-2.2175334466856658,384750.0,94590.0
SW-50440146,SOUTHBROOK CRESS OUTLET FROM BEDS 2 TO 4 BERE REGIS,50.7514,-2.2175,384752.5870388743,94667.01547331944,SouthWest,SOUTH WEST - WESSEX,EAST WESSEX,OPEN,AGRICULTURE - WATER CRESS FARMING,MANOR FARM WATERCRESS BEDS,41.55844155844156,043232,2.0,SY8476094630,50.751067327162744,-2.217393366256395,384760.0,94630.0,,,MANOR FARM WATERCRESS BEDS,41.55844155844156,043462,2.0,SY8476094630,50.751067327162744,-2.217393366256395,384760.0,94630.0,MANOR FARM WATERCRESS BEDS,41.55844155844156,043231,2.0,SY8476094630,50.751067327162744,-2.217393366256395,384760.0,94630.0,VITACRESS SALADS LTD,28.16901408450704,040200,1.0,SY8475094590,50.75070736019727,-2.2175334466856658,384750.0,94590.0
SW-50440130,BERE STREAM D/S SOUTHBROOK CRESS SETTLEMENT,50.7438,-2.2119,385145.22049838543,93820.73213467911,SouthWest,SOUTH WEST - WESSEX,EAST WESSEX,OPEN,FRESHWATER - RIVERS,DODDINGS FARM,21.42857142857143,043235,2.0,SY8522093780,50.74343563140121,-2.2108385097577807,385220.0,93780.0,,,DODDINGS FARM,21.42857142857143,043236,2.0,SY8522093780,50.74343563140121,-2.2108385097577807,385220.0,93780.0,,,,,,,,,,,,,,,,,,
SW-50410164,RIVER PIDDLE AT PIDDLEHINTON,50.7737,-2.4055,371503.58805221366,97202.70470462849,SouthWest,SOUTH WEST - WESSEX,EAST WESSEX,OPEN,FRESHWATER - RIVERS,,0.0,,,,,,,,,,,,,,,,,,,,,,,,,,,,,,,,,,,,
SW-5041GW03,CARTER BARN FARM BOREHOLE,50.7805,-2.3808,373249.1333242702,97949.61608475928,SouthWest,SOUTH WEST - WESSEX,EAST WESSEX,OPEN,GROUNDWATER - BOREHOLE,,0.0,,,,,,,,,,,,,,,,,,,,,,,,,,,,,,,,,,,,
SW-50430126,BROCKHILL WATERCRESS FARM B & C 2,50.7357,-2.2318,383738.3058229474,92924.2118189464,SouthWest,SOUTH WEST - WESSEX,EAST WESSEX,OPEN,AGRICULTURE - WATER CRESS FARMING,,0.0,,,,,,,,,,,,,,,,,,,,,,,,,,,,,,,,,,,,
SW-50440122,DODDINGS FARM WATERCRESS SETTLEMENT POND A1,50.7378,-2.2094,385319.7232538983,93153.01785243192,SouthWest,SOUTH WEST - WESSEX,EAST WESSEX,OPEN,AGRICULTURE - WATER CRESS FARMING,,0.0,,,,,,,,,,,,,,,,,,,,,,,,,,,,,,,,,,,,
SW-5043GW06,BROCKHILL CRESS BEDS POINT D,50.7349,-2.2362,383427.5160150335,92836.23334356103,SouthWest,SOUTH WEST - WESSEX,EAST WESSEX,OPEN,GROUNDWATER - BOREHOLE,,0.0,,,,,,,,,,,,,,,,,,,,,,,,,,,,,,,,,,,,
SW-50430127,BROCKHILL WATERCRESS FARM B & C 1,50.7359,-2.2323,383703.09099420416,92946.5629439149,SouthWest,SOUTH WEST - WESSEX,EAST WESSEX,OPEN,AGRICULTURE - WATER CRESS FARMING,,0.0,,,,,,,,,,,,,,,,,,,,,,,,,,,,,,,,,,,,
SW-50440149,SOUTHBROOK CRESS OUTLET FROM BEDS 5 TO 10 BERE REGIS,50.7494,-2.2164,384829.5362021359,94444.38347067666,SouthWest,SOUTH WEST - WESSEX,EAST WESSEX,OPEN,AGRICULTURE - WATER CRESS FARMING,,0.0,,,,,,,,,,,,,,,,,,,,,,,,,,,,,,,,,,,,
SW-50450110,WAREHAM STW,50.6979,-2.0923,393577.4947139434,88699.20001521878,SouthWest,SOUTH WEST - WESSEX,EAST WESSEX,OPEN,SEWAGE DISCHARGES - FINAL/TREATED EFFLUENT - WATER COMPANY,,0.0,,,,,,,,,,,,,,,,,,,,,,,,,,,,,,,,,,,,
SW-5044GW02,ROKE WATERCRESS BEDS-PREVIOUS MONITORING ON SITE C3567000,50.7618,-2.2346,383549.9244145838,95827.20816250166,SouthWest,SOUTH WEST - WESSEX,EAST WESSEX,OPEN,GROUNDWATER - BOREHOLE,,0.0,,,,,,,,,,,,,,,,,,,,,,,,,,,,,,,,,,,,
SW-5044GW01,DODDINGS WATERCRESS-PREVIOUS MONITORING ON SITE C3566000,50.7407,-2.211,385207.7378408511,93475.82442742106,SouthWest,SOUTH WEST - WESSEX,EAST WESSEX,OPEN,GROUNDWATER - BOREHOLE,,0.0,,,,,,,,,,,,,,,,,,,,,,,,,,,,,,,,,,,,
SW-50440166,ROKE CRESS SETTLEMENT HOLLYBUSH FARM BERE REGIS,50.76,-2.23,383873.7403674895,95626.02410278976,SouthWest,SOUTH WEST - WESSEX,EAST WESSEX,OPEN,AGRICULTURE - WATER CRESS FARMING,,0.0,,,,,,,,,,,,,,,,,,,,,,,,,,,,,,,,,,,,
SW-50440168,ROKE CRESS SOUTH HOLLYBUSH BERE REGIS,50.7602,-2.2303,383852.6498067107,95648.33045950047,SouthWest,SOUTH WEST - WESSEX,EAST WESSEX,OPEN,AGRICULTURE - WATER CRESS FARMING,,0.0,,,,,,,,,,,,,,,,,,,,,,,,,,,,,,,,,,,,
SW-50540186,SYDLING ST NICHOLAS STW FE,50.7876,-2.5257,363039.0416508037,98801.79603366196,SouthWest,SOUTH WEST - WESSEX,EAST WESSEX,OPEN,SEWAGE DISCHARGES - FINAL/TREATED EFFLUENT - WATER COMPANY,,0.0,,,,,,,,,,,,,,,,,,,,,,,,,,,,,,,,,,,,
SW-50550158,RIVER FROME AT BRADFORD PEVERELL,50.7368,-2.484,365941.5350782325,93132.67163188948,SouthWest,SOUTH WEST - WESSEX,EAST WESSEX,OPEN,FRESHWATER - RIVERS,,0.0,,,,,,,,,,,,,,,,,,,,,,,,,,,,,,,,,,,,
SW-50540139,LOWER MAGISTON WATERCRESS FARM B,50.7642,-2.5181,363556.5351885995,96195.89024009724,SouthWest,SOUTH WEST - WESSEX,EAST WESSEX,OPEN,AGRICULTURE - WATER CRESS FARMING,,0.0,,,,,,,,,,,,,,,,,,,,,,,,,,,,,,,,,,,,
SW-5055GW08,"HONEY PITTS PLANTATION (SPRING), MINTERNE PARK",50.8331,-2.4764,366546.873722511,103837.9557649185,SouthWest,SOUTH WEST - WESSEX,EAST WESSEX,OPEN,GROUNDWATER - SPRING,,0.0,,,,,,,,,,,,,,,,,,,,,,,,,,,,,,,,,,,,
SW-50450145,EIGHT HATCH FISH FARM EMERGENCY OUTLET,50.693,-2.1516,389388.23687740543,88161.22747479886,SouthWest,SOUTH WEST - WESSEX,EAST WESSEX,OPEN,AGRICULTURE - FISH FARMING - NOT WATER COMPANY,,0.0,,,,,,,,,,,,,,,,,,,,,,,,,,,,,,,,,,,,
SW-50450172,RIVER PIDDLE U/S PURBECK FISH FARM,50.6969,-2.167,388301.4583445746,88597.2557077939,SouthWest,SOUTH WEST - WESSEX,EAST WESSEX,OPEN,FRESHWATER - COMPARATIVE INLET POINTS,,0.0,,,,,,,,,,,,,,,,,,,,,,,,,,,,,,,,,,,,
SW-5054GW01,LOWER MAGISTON WATERCRESS BEDS-PREVIOUS MONITORING ON SITE C3609000,50.7659,-2.5183,363543.7552265673,96385.03186083167,SouthWest,SOUTH WEST - WESSEX,EAST WESSEX,OPEN,GROUNDWATER - BOREHOLE,,0.0,,,,,,,,,,,,,,,,,,,,,,,,,,,,,,,,,,,,
SW-50550374,CERNE ABBAS STW FE,50.7982,-2.4757,366571.1794770574,99956.66278409708,SouthWest,SOUTH WEST - WESSEX,EAST WESSEX,OPEN,SEWAGE DISCHARGES - FINAL/TREATED EFFLUENT - WATER COMPANY,,0.0,,,,,,,,,,,,,,,,,,,,,,,,,,,,,,,,,,,,
SW-5055GW01,DORSET COUNTY HOSPITAL GROUNDWATER,50.7132,-2.4484,368437.82743146375,90492.49032766747,SouthWest,SOUTH WEST - WESSEX,EAST WESSEX,OPEN,GROUNDWATER - BOREHOLE,,0.0,,,,,,,,,,,,,,,,,,,,,,,,,,,,,,,,,,,,
SW-5055GW07,MOUNT PLEASANT FARM BOREHOLE CERNE ABBAS,50.8078,-2.487,365781.8467925377,101029.39381590969,SouthWest,SOUTH WEST - WESSEX,EAST WESSEX,OPEN,GROUNDWATER - BOREHOLE,,0.0,,,,,,,,,,,,,,,,,,,,,,,,,,,,,,,,,,,,
SW-50550310,RIVER CERNE AT CHARMINSTER,50.7327,-2.4554,367956.9564572786,92663.92912065367,SouthWest,SOUTH WEST - WESSEX,EAST WESSEX,OPEN,FRESHWATER - RIVERS,,0.0,,,,,,,,,,,,,,,,,,,,,,,,,,,,,,,,,,,,
SW-50570155,WADDOCK CROSS WATERCRESS B2,50.7169,-2.2902,379608.8475112525,90848.17353178118,SouthWest,SOUTH WEST - WESSEX,EAST WESSEX,OPEN,AGRICULTURE - WATER CRESS FARMING,,0.0,,,,,,,,,,,,,,,,,,,,,,,,,,,,,,,,,,,,
SW-50570152,WADDOCK CROSS WATERCRESS A1,50.7174,-2.2913,379531.40912671736,90904.0794981549,SouthWest,SOUTH WEST - WESSEX,EAST WESSEX,OPEN,AGRICULTURE - WATER CRESS FARMING,,0.0,,,,,,,,,,,,,,,,,,,,,,,,,,,,,,,,,,,,
SW-50570150,WADDOCK CROSS WATERCRESS SETTLEMENT LAGOON,50.7163,-2.2885,379728.603199306,90780.98317634368,SouthWest,SOUTH WEST - WESSEX,EAST WESSEX,OPEN,AGRICULTURE - WATER CRESS FARMING,,0.0,,,,,,,,,,,,,,,,,,,,,,,,,,,,,,,,,,,,
SW-50570001,WOODSFORD QUARRY,50.7081,-2.3526,375198.8936465517,89888.74698494043,SouthWest,SOUTH WEST - WESSEX,EAST WESSEX,OPEN,TRADE DISCHARGES - MINERAL WORKINGS,,0.0,,,,,,,,,,,,,,,,,,,,,,,,,,,,,,,,,,,,
SW-5056GW05,CAME DOWN GOLF CLUB BOREHOLE,50.6827,-2.4392,369067.2441152855,87096.97564382412,SouthWest,SOUTH WEST - WESSEX,EAST WESSEX,OPEN,GROUNDWATER - BOREHOLE,,0.0,,,,,,,,,,,,,,,,,,,,,,,,,,,,,,,,,,,,
SW-5056GW07,CHURCH FARM BOREHOLE,50.7022,-2.5059,364369.7985620711,89295.46609558904,SouthWest,SOUTH WEST - WESSEX,EAST WESSEX,OPEN,GROUNDWATER - BOREHOLE,,0.0,,,,,,,,,,,,,,,,,,,,,,,,,,,,,,,,,,,,
SW-50569999,MISCELLANEOUS SOUTH WINTERBOURNE CATCHMENT,50.7082,-2.4829,365998.3983672559,89951.81762206391,SouthWest,SOUTH WEST - WESSEX,EAST WESSEX,OPEN,POLLUTION/INVESTIGATION POINTS - ENVIRONMENT,,0.0,,,,,,,,,,,,,,,,,,,,,,,,,,,,,,,,,,,,
SW-50570386,TINCLETON EAST WATERCRESS BEDS 2,50.7243,-2.331,376732.148205892,91683.15963491597,SouthWest,SOUTH WEST - WESSEX,EAST WESSEX,OPEN,AGRICULTURE - WATER CRESS FARMING,,0.0,,,,,,,,,,,,,,,,,,,,,,,,,,,,,,,,,,,,
SW-5057GW01,"HURST FARM, MORETON BOREHOLE",50.7092,-2.2961,379188.8935572495,89993.57505841387,SouthWest,SOUTH WEST - WESSEX,EAST WESSEX,OPEN,GROUNDWATER - BOREHOLE,,0.0,,,,,,,,,,,,,,,,,,,,,,,,,,,,,,,,,,,,
SW-50580170,WARMWELL WATERCRESS FARM A (PREVIOUSLY SETTLEMENT OUTLET 043241),50.6849,-2.3531,375151.2762514693,87309.05691502235,SouthWest,SOUTH WEST - WESSEX,EAST WESSEX,OPEN,AGRICULTURE - WATER CRESS FARMING,,0.0,,,,,,,,,,,,,,,,,,,,,,,,,,,,,,,,,,,,
SW-5058GW01,WARMWELL WATERCRESS BEDS-PREVIOUS MONITORING ON SITE C3414000,50.6862,-2.36,374664.52488714864,87455.96628907742,SouthWest,SOUTH WEST - WESSEX,EAST WESSEX,OPEN,GROUNDWATER - BOREHOLE,,0.0,,,,,,,,,,,,,,,,,,,,,,,,,,,,,,,,,,,,
SW-50580185,BROADMAYNE STW  DORCHESTER,50.6792,-2.3771,373452.55251735775,86683.57919514336,SouthWest,SOUTH WEST - WESSEX,EAST WESSEX,OPEN,SEWAGE DISCHARGES - FINAL/TREATED EFFLUENT - WATER COMPANY,,0.0,,,,,,,,,,,,,,,,,,,,,,,,,,,,,,,,,,,,
SW-50570388,TINCLETON WEST WATERCRESS BEDS 2,50.7243,-2.3326,376619.2098794063,91683.6663291771,SouthWest,SOUTH WEST - WESSEX,EAST WESSEX,OPEN,AGRICULTURE - WATER CRESS FARMING,,0.0,,,,,,,,,,,,,,,,,,,,,,,,,,,,,,,,,,,,
SW-50570392,TINCLETON WEST WATERCRESS BEDS 1,50.7244,-2.3322,376647.4944109739,91694.65956440028,SouthWest,SOUTH WEST - WESSEX,EAST WESSEX,OPEN,AGRICULTURE - WATER CRESS FARMING,,0.0,,,,,,,,,,,,,,,,,,,,,,,,,,,,,,,,,,,,
SW-50579999,MISC MIDDLE FROME CATCHMENT SOUTH WINTERBOURNE TO TADNOLL BROOK,50.7182,-2.3272,376997.3757371624,91003.63791735897,SouthWest,SOUTH WEST - WESSEX,EAST WESSEX,OPEN,POLLUTION/INVESTIGATION POINTS - ENVIRONMENT,,0.0,,,,,,,,,,,,,,,,,,,,,,,,,,,,,,,,,,,,
SW-50570251,RIVER FROME U/S DORCHESTER STW LOUDS MILL,50.7124,-2.4191,370505.99031205854,90391.40096357957,SouthWest,SOUTH WEST - WESSEX,EAST WESSEX,OPEN,FRESHWATER - RIVERS,,0.0,,,,,,,,,,,,,,,,,,,,,,,,,,,,,,,,,,,,
SW-50900712,CORFE RIVER D/S CORFE STW,50.6569,-2.0479,396710.3389627164,84136.98563205902,SouthWest,SOUTH WEST - WESSEX,EAST WESSEX,OPEN,FRESHWATER - RIVERS,,0.0,,,,,,,,,,,,,,,,,,,,,,,,,,,,,,,,,,,,
SW-50590229,WOOL STW FE,50.6857,-2.2528,382237.3409752289,87369.00580510378,SouthWest,SOUTH WEST - WESSEX,EAST WESSEX,OPEN,SEWAGE DISCHARGES - FINAL/TREATED EFFLUENT - WATER COMPANY,,0.0,,,,,,,,,,,,,,,,,,,,,,,,,,,,,,,,,,,,
SW-50590127,RIVER FROME AT HOLME BRIDGE,50.6794,-2.1563,389053.0613985198,86649.58618067819,SouthWest,SOUTH WEST - WESSEX,EAST WESSEX,OPEN,FRESHWATER - RIVERS,,0.0,,,,,,,,,,,,,,,,,,,,,,,,,,,,,,,,,,,,
SW-50590008,DOREYS BALL CLAY WORKS EFFLUENT,50.6604,-2.1235,391366.98509622685,84532.38800119513,SouthWest,SOUTH WEST - WESSEX,EAST WESSEX,OPEN,TRADE DISCHARGES - MINERAL WORKINGS,,0.0,,,,,,,,,,,,,,,,,,,,,,,,,,,,,,,,,,,,
SW-50950300,POOLE HARBOUR ROCKLEY SANDS (19450),50.7193,-2.0401,397265.486897287,91075.60140770272,SouthWest,SOUTH WEST - WESSEX,EAST WESSEX,OPEN,SALINE WATER - DESIGNATED BATHING BEACHES,,0.0,,,,,,,,,,,,,,,,,,,,,,,,,,,,,,,,,,,,
SW-50950351,LYTCHETT MINSTER STW  POOLE,50.7308,-2.047,396779.2036002216,92354.70989495845,SouthWest,SOUTH WEST - WESSEX,EAST WESSEX,OPEN,SEWAGE DISCHARGES - FINAL/TREATED EFFLUENT - WATER COMPANY,,0.0,,,,,,,,,,,,,,,,,,,,,,,,,,,,,,,,,,,,
SW-50950709,POOLE STW FE OUTFALLS 1 AND 2 COMBINED,50.7418,-1.9912,400717.2547195331,93576.90111883589,SouthWest,SOUTH WEST - WESSEX,EAST WESSEX,OPEN,SEWAGE DISCHARGES - FINAL/TREATED EFFLUENT - WATER COMPANY,,0.0,,,,,,,,,,,,,,,,,,,,,,,,,,,,,,,,,,,,
SW-50950270,POOLE HARBOUR AT LAKE (19400),50.7138,-2.0253,398310.0697882853,90463.52732857002,SouthWest,SOUTH WEST - WESSEX,EAST WESSEX,OPEN,SALINE WATER - DESIGNATED BATHING BEACHES,,0.0,,,,,,,,,,,,,,,,,,,,,,,,,,,,,,,,,,,,
SW-50951010,SHERFORD RIVER AT KING BRIDGE,50.7311,-2.0658,395452.3873739292,92389.0863706788,SouthWest,SOUTH WEST - WESSEX,EAST WESSEX,OPEN,FRESHWATER - RIVERS,,0.0,,,,,,,,,,,,,,,,,,,,,,,,,,,,,,,,,,,,
SW-50951080,BLACKHEATH STW  BLOXWORTH  WAREHAM,50.7388,-2.1463,389772.6792719588,93253.5023743538,SouthWest,SOUTH WEST - WESSEX,EAST WESSEX,OPEN,SEWAGE DISCHARGES - FINAL/TREATED EFFLUENT - WATER COMPANY,,0.0,,,,,,,,,,,,,,,,,,,,,,,,,,,,,,,,,,,,
SW-C0844000,WATERGATES FISH FARM,50.6829,-2.3671,374161.13473263406,87091.46862567085,SouthWest,SOUTH WEST - WESSEX,EAST WESSEX,OPEN,AGRICULTURE - FISH FARMING - WATER COMPANY,,0.0,,,,,,,,,,,,,,,,,,,,,,,,,,,,,,,,,,,,
SW-50520233,HOOKE SPRINGS FISH FARM OUTLET BEAMINSTER,50.8004,-2.6612,353500.2741698433,100301.86560804331,SouthWest,SOUTH WEST - WESSEX,EAST WESSEX,OPEN,AGRICULTURE - FISH FARMING - NOT WATER COMPANY,,0.0,,,,,,,,,,,,,,,,,,,,,,,,,,,,,,,,,,,,
SW-50530138,RIVER FROME AT NOTTON,50.7622,-2.5553,360931.2935941554,95992.532068591,SouthWest,SOUTH WEST - WESSEX,EAST WESSEX,OPEN,FRESHWATER - RIVERS,,0.0,,,,,,,,,,,,,,,,,,,,,,,,,,,,,,,,,,,,
SW-50530197,RIVER FROME AT MAIDEN NEWTON,50.7774,-2.5749,359562.0679852729,97693.36013478396,SouthWest,SOUTH WEST - WESSEX,EAST WESSEX,OPEN,FRESHWATER - RIVERS,,0.0,,,,,,,,,,,,,,,,,,,,,,,,,,,,,,,,,,,,
SW-50520237,HOOKE SPRINGS FISH FARM INLET (PARK POND SPUR),50.8039,-2.6622,353433.2903646371,100691.70271864397,SouthWest,SOUTH WEST - WESSEX,EAST WESSEX,OPEN,FRESHWATER - COMPARATIVE INLET POINTS,,0.0,,,,,,,,,,,,,,,,,,,,,,,,,,,,,,,,,,,,
SW-50450146,OUTLET FROM EIGHT HATCH FISH FARM  TRIGON  WAREHAM,50.6929,-2.1521,389352.897169232,88150.17991841226,SouthWest,SOUTH WEST - WESSEX,EAST WESSEX,OPEN,AGRICULTURE - FISH FARMING - NOT WATER COMPANY,,0.0,,,,,,,,,,,,,,,,,,,,,,,,,,,,,,,,,,,,
SW-C7022000,BROCKHILL WATERCRESS FARM A RELEASE 1,50.7353,-2.2346,383540.57021248416,92880.35447991273,SouthWest,SOUTH WEST - WESSEX,EAST WESSEX,OPEN,AGRICULTURE - WATER CRESS FARMING,,0.0,,,,,,,,,,,,,,,,,,,,,,,,,,,,,,,,,,,,
SW-C7021001,WARMWELL WATERCRESS FARM B,50.6856,-2.3606,374621.81358074304,87389.4523172685,SouthWest,SOUTH WEST - WESSEX,EAST WESSEX,OPEN,AGRICULTURE - WATER CRESS FARMING,,0.0,,,,,,,,,,,,,,,,,,,,,,,,,,,,,,,,,,,,
SW-C7018000,"WARMWELL WATERCRESS FARM C (PREVIOUSLY WATERCRESS A, 043238)",50.6851,-2.3591,374727.5105854752,87333.33674107207,SouthWest,SOUTH WEST - WESSEX,EAST WESSEX,OPEN,AGRICULTURE - WATER CRESS FARMING,,0.0,,,,,,,,,,,,,,,,,,,,,,,,,,,,,,,,,,,,
SW-C7010000,SOUTHBROOK CRESS SETTLEMENT BERE REGIS,50.7454,-2.2128,385082.2312666042,93998.83777177,SouthWest,SOUTH WEST - WESSEX,EAST WESSEX,OPEN,AGRICULTURE - WATER CRESS FARMING,,0.0,,,,,,,,,,,,,,,,,,,,,,,,,,,,,,,,,,,,
SW-C0538000,HOOKE MAIDEN NEWTON,50.7772,-2.5753,359533.6924336405,97671.33921266746,SouthWest,SOUTH WEST - WESSEX,EAST WESSEX,OPEN,FRESHWATER - RIVERS,,0.0,,,,,,,,,,,,,,,,,,,,,,,,,,,,,,,,,,,,
SW-RSN0029,RSN0029 AT FROME VAUGHCHURCH HOUSE,50.7744,-2.569,359975.4866672482,97356.53667497094,SouthWest,SOUTH WEST - WESSEX,EAST WESSEX,OPEN,FRESHWATER - RIVERS,,0.0,,,,,,,,,,,,,,,,,,,,,,,,,,,,,,,,,,,,
SW-50331270,HARTSFOOT CLOSE STW FINAL EFFLUENT MELCOMBE BINGHAM,50.8233,-2.3378,376302.4799690964,102694.35864822762,SouthWest,SOUTH WEST - WESSEX,EAST WESSEX,OPEN,SEWAGE DISCHARGES - FINAL/TREATED EFFLUENT - NOT WATER COMPANY,,0.0,,,,,,,,,,,,,,,,,,,,,,,,,,,,,,,,,,,,
SW-C7022001,BROCKHILL WATERCRESS FARM A RELEASE 2,50.7352,-2.2362,383427.6226123048,92869.59387291149,SouthWest,SOUTH WEST - WESSEX,EAST WESSEX,OPEN,AGRICULTURE - WATER CRESS FARMING,,0.0,,,,,,,,,,,,,,,,,,,,,,,,,,,,,,,,,,,,
SW-50959999,MISC POOLE HARBOUR NORTH CATCHMENT INCLUDING HOLES BAY AND TRIBUTARIES,50.7321,-2.0439,396998.0783157413,92499.13718662703,SouthWest,SOUTH WEST - WESSEX,EAST WESSEX,OPEN,POLLUTION/INVESTIGATION POINTS - ENVIRONMENT,,0.0,,,,,,,,,,,,,,,,,,,,,,,,,,,,,,,,,,,,
SW-RSN0621,RSN0621 PIDDLE AT HYDE ESTATE,50.706,-2.1779,387534.0505782355,89610.98236841458,SouthWest,SOUTH WEST - WESSEX,EAST WESSEX,OPEN,FRESHWATER - RIVERS,,0.0,,,,,,,,,,,,,,,,,,,,,,,,,,,,,,,,,,,,
SW-RSN0653,RSN0653 BERE STREAM D/S DODDINGS CRESS BEDS,50.7372,-2.2063,385538.2925762626,93085.68152595084,SouthWest,SOUTH WEST - WESSEX,EAST WESSEX,OPEN,FRESHWATER - RIVERS,,0.0,,,,,,,,,,,,,,,,,,,,,,,,,,,,,,,,,,,,
SW-RSN1685,RSN1685 SYDLING DOWNSTREAM OFLOWER MAGISTON FARM,50.7621,-2.5179,363569.0046305903,95962.26808170916,SouthWest,SOUTH WEST - WESSEX,EAST WESSEX,OPEN,FRESHWATER - RIVERS,,0.0,,,,,,,,,,,,,,,,,,,,,,,,,,,,,,,,,,,,
SW-50419999,MISCELLANEOUS UPPER PIDDLE CATCHMENT,50.8204,-2.4272,370003.4999844664,102404.48135707424,SouthWest,SOUTH WEST - WESSEX,EAST WESSEX,OPEN,POLLUTION/INVESTIGATION POINTS - ENVIRONMENT,,0.0,,,,,,,,,,,,,,,,,,,,,,,,,,,,,,,,,,,,
SW-50430144,RIVER PIDDLE AT TURNERSPUDDLE,50.7388,-2.2428,382963.1742762829,93271.42935271704,SouthWest,SOUTH WEST - WESSEX,EAST WESSEX,OPEN,FRESHWATER - RIVERS,,0.0,,,,,,,,,,,,,,,,,,,,,,,,,,,,,,,,,,,,
SW-RSN0845,RSN0845 CHANNEL AT THE DAIRY HOUSE WEST STAFFORD,50.7072,-2.3836,373009.4418773613,89799.55777443023,SouthWest,SOUTH WEST - WESSEX,EAST WESSEX,OPEN,FRESHWATER - RIVERS,,0.0,,,,,,,,,,,,,,,,,,,,,,,,,,,,,,,,,,,,
SW-RSN1925,RSN1925 DRAIN AT BOVINGTON MOD TRAINING AREA,50.6906,-2.2507,382387.5410905911,87913.38507807985,SouthWest,SOUTH WEST - WESSEX,EAST WESSEX,OPEN,FRESHWATER - RIVERS,,0.0,,,,,,,,,,,,,,,,,,,,,,,,,,,,,,,,,,,,
SW-50440119,BERE STREAM D/S DODDINGS WATERCRESS AT   SNATFORD BRIDGE,50.7363,-2.2057,385580.3543543636,92985.4818523726,SouthWest,SOUTH WEST - WESSEX,EAST WESSEX,OPEN,FRESHWATER - RIVERS,,0.0,,,,,,,,,,,,,,,,,,,,,,,,,,,,,,,,,,,,
SW-50439999,MISCELLANEOUS MIDDLE PIDDLE CATCHMENT DEVILS BROOK TO BERE STREAM,50.7363,-2.2635,381501.4927527586,92998.4271274845,SouthWest,SOUTH WEST - WESSEX,EAST WESSEX,OPEN,POLLUTION/INVESTIGATION POINTS - ENVIRONMENT,,0.0,,,,,,,,,,,,,,,,,,,,,,,,,,,,,,,,,,,,
SW-50430109,PIDDLE UPSTREAM CHAMBERLAYNES FARM,50.7341,-2.2214,384471.6951666931,92744.03904056308,SouthWest,SOUTH WEST - WESSEX,EAST WESSEX,OPEN,FRESHWATER - RIVERS,,0.0,,,,,,,,,,,,,,,,,,,,,,,,,,,,,,,,,,,,
SW-50450320,WAREHAM FOREST STREAM AT SANDFORD ROAD,50.7002,-2.1081,392461.9731406624,88956.47692615024,SouthWest,SOUTH WEST - WESSEX,EAST WESSEX,OPEN,FRESHWATER - RIVERS,,0.0,,,,,,,,,,,,,,,,,,,,,,,,,,,,,,,,,,,,
SW-50540127,SYDLING WATER D/S LOWER MAGISTON FISH FARM,50.76,-2.5173,363609.6883715096,95728.44857711504,SouthWest,SOUTH WEST - WESSEX,EAST WESSEX,OPEN,FRESHWATER - RIVERS,,0.0,,,,,,,,,,,,,,,,,,,,,,,,,,,,,,,,,,,,
SW-50570145,RIVER FROME DS WADDOCK CROSS,50.7065,-2.2741,380741.1832391556,89687.34401767846,SouthWest,SOUTH WEST - WESSEX,EAST WESSEX,OPEN,FRESHWATER - RIVERS,,0.0,,,,,,,,,,,,,,,,,,,,,,,,,,,,,,,,,,,,
SW-50570219,TRIB OF FROME DS WOODSFORD QUARRY,50.7096,-2.3542,375086.7150876076,90056.08824469044,SouthWest,SOUTH WEST - WESSEX,EAST WESSEX,OPEN,FRESHWATER - RIVERS,,0.0,,,,,,,,,,,,,,,,,,,,,,,,,,,,,,,,,,,,
SW-50440158,BERE STREAM AT BERE REGIS,50.7543,-2.2252,384210.3666725116,94991.12870859668,SouthWest,SOUTH WEST - WESSEX,EAST WESSEX,OPEN,FRESHWATER - RIVERS,,0.0,,,,,,,,,,,,,,,,,,,,,,,,,,,,,,,,,,,,
SW-50570225,TRIB OF FROME DS ILSINGTON CRESS BEDS,50.7224,-2.3319,376667.67221147695,91472.16176929756,SouthWest,SOUTH WEST - WESSEX,EAST WESSEX,OPEN,FRESHWATER - RIVERS,,0.0,,,,,,,,,,,,,,,,,,,,,,,,,,,,,,,,,,,,
SW-50570384,TINCLETON BROOK DS TINCLETON CRESS BEDS,50.7242,-2.3296,376830.9196849428,91671.59814213344,SouthWest,SOUTH WEST - WESSEX,EAST WESSEX,OPEN,FRESHWATER - RIVERS,,0.0,,,,,,,,,,,,,,,,,,,,,,,,,,,,,,,,,,,,
SW-50589999,MISCELLANEOUS TADNOLL BROOK CATCHMENT,50.6731,-2.3481,375498.332308094,85995.2178073469,SouthWest,SOUTH WEST - WESSEX,EAST WESSEX,OPEN,POLLUTION/INVESTIGATION POINTS - ENVIRONMENT,,0.0,,,,,,,,,,,,,,,,,,,,,,,,,,,,,,,,,,,,
SW-50580183,TADNOLL BROOK DOWNSTREAM BROADMAYNE STW,50.6795,-2.3756,373558.70300811954,86716.40039285389,SouthWest,SOUTH WEST - WESSEX,EAST WESSEX,OPEN,FRESHWATER - RIVERS,,0.0,,,,,,,,,,,,,,,,,,,,,,,,,,,,,,,,,,,,
SW-50590188,RIVER FROME AT WOOL BRIDGE,50.6839,-2.2213,384462.0453195936,87161.7132526171,SouthWest,SOUTH WEST - WESSEX,EAST WESSEX,OPEN,FRESHWATER - RIVERS,,0.0,,,,,,,,,,,,,,,,,,,,,,,,,,,,,,,,,,,,
SW-50599999,MISCELLANEOUS LOWER FROME TADNOLL BROOK TO WAREHAM,50.714,-2.1642,388503.440324233,90498.35483078056,SouthWest,SOUTH WEST - WESSEX,EAST WESSEX,OPEN,POLLUTION/INVESTIGATION POINTS - ENVIRONMENT,,0.0,,,,,,,,,,,,,,,,,,,,,,,,,,,,,,,,,,,,
SW-50550130,RIVER FROME AT BOCKHAMPTON,50.7131,-2.3963,372116.1833528301,90460.37013582607,SouthWest,SOUTH WEST - WESSEX,EAST WESSEX,OPEN,FRESHWATER - RIVERS,,0.0,,,,,,,,,,,,,,,,,,,,,,,,,,,,,,,,,,,,
SW-50590907,RIVER WIN AT SEVEN STARS,50.6816,-2.2432,382914.0296664602,86910.80909975819,SouthWest,SOUTH WEST - WESSEX,EAST WESSEX,OPEN,FRESHWATER - RIVERS,,0.0,,,,,,,,,,,,,,,,,,,,,,,,,,,,,,,,,,,,
SW-50958888,MISCELLANEOUS RIVER SHERFORD,50.7285,-2.0864,393998.1737546093,92101.46180797124,SouthWest,SOUTH WEST - WESSEX,EAST WESSEX,OPEN,POLLUTION/INVESTIGATION POINTS - ENVIRONMENT,,0.0,,,,,,,,,,,,,,,,,,,,,,,,,,,,,,,,,,,,
SW-50909999,MISC POOLE HARBOUR SOUTH CATCHMENT,50.6557,-2.0438,397000.07997040224,84003.36471144139,SouthWest,SOUTH WEST - WESSEX,EAST WESSEX,OPEN,POLLUTION/INVESTIGATION POINTS - ENVIRONMENT,,0.0,,,,,,,,,,,,,,,,,,,,,,,,,,,,,,,,,,,,
SW-GWECO145,THROOP BH GW WQ,50.7388,-2.2483,382575.0680279138,93272.71857747876,SouthWest,SOUTH WEST - WESSEX,EAST WESSEX,OPEN,GROUNDWATER - BOREHOLE,,0.0,,,,,,,,,,,,,,,,,,,,,,,,,,,,,,,,,,,,
SW-GWECO142,MARLEY BOTTOM BH GW WQ,50.653,-2.2727,380818.11518236814,83737.74420401346,SouthWest,SOUTH WEST - WESSEX,EAST WESSEX,OPEN,GROUNDWATER - BOREHOLE,,0.0,,,,,,,,,,,,,,,,,,,,,,,,,,,,,,,,,,,,
SW-LSN0030,HAM COMMON POND,50.7151,-2.025,398331.29986724944,90608.08207712816,SouthWest,SOUTH WEST - WESSEX,EAST WESSEX,OPEN,FRESHWATER - LAKES/PONDS/RESERVOIRS,,0.0,,,,,,,,,,,,,,,,,,,,,,,,,,,,,,,,,,,,
SW-LSN366,LSN0366 HATCH POND,50.7444,-1.9829,401302.8402014843,93866.12698110726,SouthWest,SOUTH WEST - WESSEX,EAST WESSEX,OPEN,FRESHWATER - LAKES/PONDS/RESERVOIRS,,0.0,,,,,,,,,,,,,,,,,,,,,,,,,,,,,,,,,,,,
SW-PLHABOUT,POOLE HARBOUR OUTER,50.7191,-1.9886,400901.0914949213,91052.64320311116,SouthWest,SOUTH WEST - WESSEX,EAST WESSEX,OPEN,SALINE WATER - ESTUARINE SITES - NON BATHING/SHELLFISH,,0.0,,,,,,,,,,,,,,,,,,,,,,,,,,,,,,,,,,,,
SW-GWECO143,REW CORNER BH GW WQ,50.7033,-2.5142,363784.50806283526,89421.82667757978,SouthWest,SOUTH WEST - WESSEX,EAST WESSEX,OPEN,GROUNDWATER - BOREHOLE,,0.0,,,,,,,,,,,,,,,,,,,,,,,,,,,,,,,,,,,,
SW-RSN2213,RSN2213 CHARMINSTER (90**),50.7331,-2.4553,367964.28763578006,92708.36615801309,SouthWest,SOUTH WEST - WESSEX,EAST WESSEX,OPEN,FRESHWATER - RIVERS,,0.0,,,,,,,,,,,,,,,,,,,,,,,,,,,,,,,,,,,,
SW-RTN0044,CERNE AT KETTLE BRIDGE,50.8117,-2.4781,366411.753101575,101458.9883595318,SouthWest,SOUTH WEST - WESSEX,EAST WESSEX,OPEN,FRESHWATER - RIVERS,,0.0,,,,,,,,,,,,,,,,,,,,,,,,,,,,,,,,,,,,
SW-RTN0045,FROME AT MAIDEN NEWTON GAUGING STATION,50.777,-2.5737,359646.3301900425,97648.22216988364,SouthWest,SOUTH WEST - WESSEX,EAST WESSEX,OPEN,FRESHWATER - RIVERS,,0.0,,,,,,,,,,,,,,,,,,,,,,,,,,,,,,,,,,,,
SW-SSN1532,SSN1532 MOREDON PARK COTTAGE,50.7407,-2.1271,391127.8882606445,93462.27849213696,SouthWest,SOUTH WEST - WESSEX,EAST WESSEX,OPEN,FRESHWATER - RIVERS,,0.0,,,,,,,,,,,,,,,,,,,,,,,,,,,,,,,,,,,,
SW-SSN1536,SSN1536 WARMWELL HEATH,50.6839,-2.3532,375143.68094361,87197.89006449879,SouthWest,SOUTH WEST - WESSEX,EAST WESSEX,OPEN,FRESHWATER - RIVERS,,0.0,,,,,,,,,,,,,,,,,,,,,,,,,,,,,,,,,,,,
SW-50459999,MISCELLANEOUS LOWER PIDDLE CATCHMENT BERE STREAM TO WAREHAM,50.714,-2.1642,388503.440324233,90498.35483078056,SouthWest,SOUTH WEST - WESSEX,EAST WESSEX,OPEN,POLLUTION/INVESTIGATION POINTS - ENVIRONMENT,,0.0,,,,,,,,,,,,,,,,,,,,,,,,,,,,,,,,,,,,
SW-50550362,RIVER CERNE AT NETHER CERNE,50.784,-2.4708,366906.4479221459,98375.37883719144,SouthWest,SOUTH WEST - WESSEX,EAST WESSEX,OPEN,FRESHWATER - RIVERS,,0.0,,,,,,,,,,,,,,,,,,,,,,,,,,,,,,,,,,,,
SW-RSN0397,RSN0397 RIVER WIN AT RED LION,50.6674,-2.2774,380491.8569537642,85340.26259581125,SouthWest,SOUTH WEST - WESSEX,EAST WESSEX,OPEN,FRESHWATER - RIVERS,,0.0,,,,,,,,,,,,,,,,,,,,,,,,,,,,,,,,,,,,
SW-50908888,MISCELLANEOUS RIVER CORFE,50.6467,-2.0565,396101.5540623402,83003.17264365,SouthWest,SOUTH WEST - WESSEX,EAST WESSEX,OPEN,POLLUTION/INVESTIGATION POINTS - ENVIRONMENT,,0.0,,,,,,,,,,,,,,,,,,,,,,,,,,,,,,,,,,,,
SW-RSN0285,RSN0285 WRAXALL BROOK UPSTREAM OF BENVILLE BRIDGE,50.8341,-2.6424,354857.7195563625,104037.69228603475,SouthWest,SOUTH WEST - WESSEX,EAST WESSEX,OPEN,FRESHWATER - RIVERS,,0.0,,,,,,,,,,,,,,,,,,,,,,,,,,,,,,,,,,,,
SW-SSN0512,NORTHPORT @ NORTHMOOR PARK,50.6975,-2.1169,391840.0168380362,88657.18018237813,SouthWest,SOUTH WEST - WESSEX,EAST WESSEX,OPEN,FRESHWATER - RIVERS,,0.0,,,,,,,,,,,,,,,,,,,,,,,,,,,,,,,,,,,,
SW-RSN2045,RSN2045 U/S A352 ROAD BRIDGE (98**),50.7034,-2.3966,372089.2200164988,89381.83480039742,SouthWest,SOUTH WEST - WESSEX,EAST WESSEX,OPEN,FRESHWATER - RIVERS,,0.0,,,,,,,,,,,,,,,,,,,,,,,,,,,,,,,,,,,,
SW-50449999,MISCELLANEOUS BERE CATCHMENT,50.7768,-2.273,380847.7273167799,97504.54524811056,SouthWest,SOUTH WEST - WESSEX,EAST WESSEX,OPEN,POLLUTION/INVESTIGATION POINTS - ENVIRONMENT,,0.0,,,,,,,,,,,,,,,,,,,,,,,,,,,,,,,,,,,,
SW-50539999,MISC UPPER DORSET FROME CATCHMENT HOOKE TO SYDLING WATER,50.7671,-2.4835,365998.8503598505,96501.84599490874,SouthWest,SOUTH WEST - WESSEX,EAST WESSEX,OPEN,POLLUTION/INVESTIGATION POINTS - ENVIRONMENT,,0.0,,,,,,,,,,,,,,,,,,,,,,,,,,,,,,,,,,,,
SW-50570220,ILSINGTON CRESS SETTLEMENT OUTLET,50.7237,-2.347,375602.4520641102,91621.61564116762,SouthWest,SOUTH WEST - WESSEX,EAST WESSEX,OPEN,AGRICULTURE - WATER CRESS FARMING,,0.0,,,,,,,,,,,,,,,,,,,,,,,,,,,,,,,,,,,,
SW-RSN1197,RSN1197 RIVER HOOKE D/S BRIDGE FARM,50.7977,-2.6567,353814.7273501449,99998.79336525692,SouthWest,SOUTH WEST - WESSEX,EAST WESSEX,OPEN,FRESHWATER - RIVERS,,0.0,,,,,,,,,,,,,,,,,,,,,,,,,,,,,,,,,,,,
SW-GWW18D01,STUDLAND AND GODLINGSTON HEATHS (SSSI) - SG1 (NCEA) GWDTE,50.6443,-1.9742,401920.5200265845,82735.06576938462,SouthWest,SOUTH WEST - WESSEX,EAST WESSEX,OPEN,GROUNDWATER - BOREHOLE,,0.0,,,,,,,,,,,,,,,,,,,,,,,,,,,,,,,,,,,,
SW-GWW18D02,STUDLAND AND GODLINGSTON HEATHS (SSSI) - SG2 (NCEA) GWDTE,50.6437,-1.9754,401835.69376491656,82668.31709810055,SouthWest,SOUTH WEST - WESSEX,EAST WESSEX,OPEN,GROUNDWATER - BOREHOLE,,0.0,,,,,,,,,,,,,,,,,,,,,,,,,,,,,,,,,,,,
SW-GWW18D08,STUDLAND AND GODLINGSTON HEATHS (SSSI) - SG8 (NCEA) GWDTE,50.6553,-1.9691,402280.6190304038,83958.40586746688,SouthWest,SOUTH WEST - WESSEX,EAST WESSEX,OPEN,GROUNDWATER - BOREHOLE,,0.0,,,,,,,,,,,,,,,,,,,,,,,,,,,,,,,,,,,,
SW-GWW18S12,STUDLAND AND GODLINGSTON HEATHS (SSSI) - SGSB1 (NCEA) GWDTE,50.6512,-1.9772,401708.1662553807,83502.27885919533,SouthWest,SOUTH WEST - WESSEX,EAST WESSEX,OPEN,GROUNDWATER - BOREHOLE,,0.0,,,,,,,,,,,,,,,,,,,,,,,,,,,,,,,,,,,,
SW-SSN1808,SSN1808 BERE STREAM U/S MILTON ABBAS LAKE,50.8201,-2.3032,378738.160652527,102327.931106288,SouthWest,SOUTH WEST - WESSEX,EAST WESSEX,OPEN,FRESHWATER - RIVERS,,0.0,,,,,,,,,,,,,,,,,,,,,,,,,,,,,,,,,,,,
SW-50429999,MISCELLANEOUS DEVILS BROOK CATCHMENT,50.7989,-2.3277,377001.86182518606,99977.79890577,SouthWest,SOUTH WEST - WESSEX,EAST WESSEX,OPEN,POLLUTION/INVESTIGATION POINTS - ENVIRONMENT,,0.0,,,,,,,,,,,,,,,,,,,,,,,,,,,,,,,,,,,,
SW-50580145,TADNOLL BROOK AT MILL HOUSE NURSERY,50.6836,-2.3199,377496.08608499134,87153.83043150161,SouthWest,SOUTH WEST - WESSEX,EAST WESSEX,OPEN,FRESHWATER - RIVERS,,0.0,,,,,,,,,,,,,,,,,,,,,,,,,,,,,,,,,,,,
SW-50590203,RIVER FROME U/S LYTCHETT CONFLUENCE,50.685,-2.2272,384045.6021838958,87285.29777688792,SouthWest,SOUTH WEST - WESSEX,EAST WESSEX,OPEN,FRESHWATER - RIVERS,,0.0,,,,,,,,,,,,,,,,,,,,,,,,,,,,,,,,,,,,
